,index,County,Unemployment Rate (2019),Median Household Income (2019),State
0,2,Alameda,2.9,"101,744",California
1,3,Alpine,5.1,"55,384",California
2,4,Amador,3.8,"58,515",California
3,5,Butte,5.1,"50,945",California
4,6,Calaveras,3.8,"62,984",California
5,7,Colusa,12.8,"57,249",California
6,8,Contra Costa,3.1,"101,463",California
7,9,Del Norte,5.7,"48,518",California
8,10,El Dorado,3.5,"81,869",California
9,11,Fresno,7.2,"52,318",California
10,12,Glenn,6.1,"47,365",California
11,13,Humboldt,3.6,"49,471",California
12,14,Imperial,18.3,"46,633",California
13,15,Inyo,3.5,"53,793",California
14,16,Kern,7.7,"51,586",California
15,17,Kings,7.9,"58,255",California
16,18,Lake,5.0,"45,086",California
17,19,Lassen,4.6,"57,705",California
18,20,Los Angeles,4.4,"67,986",California
19,21,Madera,6.9,"53,632",California
20,22,Marin,2.3,"122,933",California
21,23,Mariposa,4.6,"51,402",California
22,24,Mendocino,4.0,"51,386",California
23,25,Merced,8.1,"56,169",California
24,26,Modoc,7.1,"45,227",California
25,27,Mono,3.7,"66,499",California
26,28,Monterey,6.2,"69,665",California
27,29,Napa,2.8,"85,624",California
28,30,Nevada,3.3,"66,681",California
29,31,Orange,2.8,"89,373",California
30,32,Placer,3.1,"89,175",California
31,33,Plumas,7.7,"55,079",California
32,34,Riverside,4.2,"66,793",California
33,35,Sacramento,3.7,"69,475",California
34,36,San Benito,5.0,"80,063",California
35,37,San Bernardino,3.8,"63,310",California
36,38,San Diego,3.2,"78,777",California
37,39,San Francisco Coun,2.2,"110,601",California
38,40,San Joaquin,5.9,"63,567",California
39,41,San Luis Obispo,2.9,"70,626",California
40,42,San Mateo,2.0,"122,930",California
41,43,Santa Barbara,3.7,"75,646",California
42,44,Santa Clara,2.5,"125,933",California
43,45,Santa Cruz,4.7,"84,213",California
44,46,Shasta,4.7,"53,908",California
45,47,Sierra,5.4,"52,308",California
46,48,Siskiyou,6.5,"47,560",California
47,49,Solano,3.7,"82,808",California
48,50,Sonoma,2.7,"81,002",California
49,51,Stanislaus,6.0,"59,616",California
50,52,Sutter,7.3,"57,879",California
51,53,Tehama,5.5,"47,572",California
52,54,Trinity,5.5,"40,680",California
53,55,Tulare,9.6,"48,763",California
54,56,Tuolumne,4.5,"56,500",California
55,57,Ventura,3.6,"84,170",California
56,58,Yolo,4.1,"67,804",California
57,59,Yuba,6.1,"47,504",California
125,2,Appling,3.9,"42,781",Georgia
126,3,Atkinson,3.0,"36,779",Georgia
127,4,Bacon,3.5,"38,775",Georgia
128,5,Baker,4.7,"38,288",Georgia
129,6,Baldwin,4.2,"42,727",Georgia
130,7,Banks,2.7,"55,384",Georgia
131,8,Barrow,2.8,"61,413",Georgia
132,9,Bartow,3.3,"57,409",Georgia
133,10,Ben Hill,5.5,"35,020",Georgia
134,11,Berrien,4.0,"39,412",Georgia
135,12,Bibb,3.9,"41,390",Georgia
136,13,Bleckley,5.0,"46,019",Georgia
137,14,Brantley,4.1,"41,874",Georgia
138,15,Brooks,3.4,"36,354",Georgia
139,16,Bryan,3.0,"79,658",Georgia
140,17,Bulloch,3.7,"43,766",Georgia
141,18,Burke,5.1,"42,785",Georgia
142,19,Butts,3.4,"48,831",Georgia
143,20,Calhoun,3.6,"33,393",Georgia
144,21,Camden,3.6,"56,555",Georgia
145,22,Candler,3.0,"35,841",Georgia
146,23,Carroll,3.4,"52,502",Georgia
147,24,Catoosa,3.0,"55,807",Georgia
148,25,Charlton,3.8,"40,499",Georgia
149,26,Chatham,3.3,"54,165",Georgia
150,27,Chattahoochee,4.6,"46,869",Georgia
151,28,Chattooga,5.0,"39,513",Georgia
152,29,Cherokee,2.7,"82,733",Georgia
153,30,Clarke,3.6,"42,112",Georgia
154,31,Clay,6.9,"30,239",Georgia
155,32,Clayton,4.2,"46,059",Georgia
156,33,Clinch,3.9,"37,593",Georgia
157,34,Cobb,3.0,"78,603",Georgia
158,35,Coffee,3.9,"39,480",Georgia
159,36,Colquitt,3.2,"38,633",Georgia
160,37,Columbia,3.0,"82,184",Georgia
161,38,Cook,3.4,"38,827",Georgia
162,39,Coweta,2.9,"70,974",Georgia
163,40,Crawford,3.6,"48,004",Georgia
164,41,Crisp,3.9,"36,096",Georgia
165,42,Dade,3.3,"48,779",Georgia
166,43,Dawson,2.8,"68,835",Georgia
168,45,DeKalb,3.4,"63,477",Georgia
167,44,Decatur,3.8,"38,441",Georgia
169,46,Dodge,5.4,"35,636",Georgia
170,47,Dooly,3.8,"37,278",Georgia
171,48,Dougherty,4.7,"38,806",Georgia
172,49,Douglas,3.5,"60,512",Georgia
173,50,Early,3.9,"34,984",Georgia
174,51,Echols,2.8,"38,667",Georgia
175,52,Effingham,2.9,"65,793",Georgia
176,53,Elbert,4.0,"39,681",Georgia
177,54,Emanuel,5.3,"37,574",Georgia
178,55,Evans,3.4,"37,319",Georgia
179,56,Fannin,3.3,"43,439",Georgia
180,57,Fayette,3.0,"95,021",Georgia
181,58,Floyd,3.8,"44,906",Georgia
182,59,Forsyth,2.7,"105,921",Georgia
183,60,Franklin,3.5,"42,904",Georgia
184,61,Fulton,3.5,"70,808",Georgia
185,62,Gilmer,3.5,"47,757",Georgia
186,63,Glascock,3.7,"42,820",Georgia
187,64,Glynn,3.3,"53,906",Georgia
188,65,Gordon,3.4,"49,101",Georgia
189,66,Grady,3.4,"41,002",Georgia
190,67,Greene,3.9,"54,016",Georgia
191,68,Gwinnett,3.0,"72,008",Georgia
192,69,Habersham,3.5,"51,829",Georgia
193,70,Hall,2.8,"61,631",Georgia
194,71,Hancock,5.5,"31,716",Georgia
195,72,Haralson,3.3,"47,662",Georgia
196,73,Harris,3.1,"74,686",Georgia
197,74,Hart,3.5,"47,171",Georgia
198,75,Heard,3.3,"46,218",Georgia
199,76,Henry,3.5,"72,970",Georgia
200,77,Houston,3.3,"60,728",Georgia
201,78,Irwin,4.7,"38,156",Georgia
202,79,Jackson,2.7,"68,984",Georgia
203,80,Jasper,3.1,"51,241",Georgia
204,81,Jeff Davis,4.6,"37,211",Georgia
205,82,Jefferson,4.7,"38,274",Georgia
206,83,Jenkins,5.1,"31,419",Georgia
207,84,Johnson,3.6,"34,849",Georgia
208,85,Jones,3.2,"55,737",Georgia
209,86,Lamar,3.9,"48,323",Georgia
210,87,Lanier,3.9,"41,564",Georgia
211,88,Laurens,4.6,"42,114",Georgia
212,89,Lee,3.1,"66,090",Georgia
213,90,Liberty,3.7,"47,685",Georgia
214,91,Lincoln,3.9,"46,967",Georgia
215,92,Long,3.6,"46,428",Georgia
216,93,Lowndes,3.5,"41,820",Georgia
217,94,Lumpkin,3.1,"55,583",Georgia
220,97,Macon,4.6,"32,868",Georgia
221,98,Madison,3.0,"51,338",Georgia
222,99,Marion,4.2,"39,114",Georgia
218,95,McDuffie,5.1,"42,768",Georgia
219,96,McIntosh,3.6,"42,513",Georgia
223,100,Meriwether,4.5,"38,886",Georgia
224,101,Miller,3.3,"42,483",Georgia
225,102,Mitchell,4.6,"36,788",Georgia
226,103,Monroe,3.2,"59,362",Georgia
227,104,Montgomery,5.3,"41,834",Georgia
228,105,Morgan,3.1,"57,978",Georgia
229,106,Murray,5.0,"46,810",Georgia
230,107,Muscogee,4.5,"46,628",Georgia
231,108,Newton,3.9,"56,598",Georgia
232,109,Oconee,2.5,"99,497",Georgia
233,110,Oglethorpe,3.2,"51,105",Georgia
234,111,Paulding,2.9,"73,309",Georgia
235,112,Peach,4.1,"46,525",Georgia
236,113,Pickens,3.0,"65,062",Georgia
237,114,Pierce,3.4,"44,389",Georgia
238,115,Pike,3.0,"66,901",Georgia
239,116,Polk,3.6,"43,679",Georgia
240,117,Pulaski,3.8,"40,582",Georgia
241,118,Putnam,4.3,"51,205",Georgia
242,119,Quitman,5.0,"33,908",Georgia
243,120,Rabun,3.5,"44,213",Georgia
244,121,Randolph,4.8,"28,298",Georgia
245,122,Richmond,4.5,"40,168",Georgia
246,123,Rockdale,3.8,"59,673",Georgia
247,124,Schley,3.9,"45,378",Georgia
248,125,Screven,5.4,"39,048",Georgia
249,126,Seminole,4.4,"36,869",Georgia
250,127,Spalding,4.0,"43,510",Georgia
251,128,Stephens,3.9,"45,850",Georgia
252,129,Stewart,4.2,"33,053",Georgia
253,130,Sumter,4.8,"37,562",Georgia
254,131,Talbot,4.5,"37,265",Georgia
255,132,Taliaferro,4.9,"34,090",Georgia
256,133,Tattnall,3.8,"41,440",Georgia
257,134,Taylor,4.0,"36,310",Georgia
258,135,Telfair,9.5,"34,297",Georgia
259,136,Terrell,5.0,"35,290",Georgia
260,137,Thomas,4.0,"41,642",Georgia
261,138,Tift,3.4,"45,680",Georgia
262,139,Toombs,4.9,"37,148",Georgia
263,140,Towns,4.8,"45,853",Georgia
264,141,Treutlen,5.3,"35,069",Georgia
265,142,Troup,3.2,"45,234",Georgia
266,143,Turner,3.8,"33,261",Georgia
267,144,Twiggs,5.4,"42,054",Georgia
268,145,Union,3.1,"45,943",Georgia
269,146,Upson,3.6,"40,965",Georgia
270,147,Walker,3.6,"43,767",Georgia
271,148,Walton,3.1,"65,416",Georgia
272,149,Ware,3.7,"38,357",Georgia
273,150,Warren,4.5,"38,352",Georgia
274,151,Washington,4.1,"39,444",Georgia
275,152,Wayne,4.0,"44,607",Georgia
276,153,Webster,5.0,"38,187",Georgia
277,154,Wheeler,7.5,"32,691",Georgia
278,155,White,2.6,"51,579",Georgia
279,156,Whitfield,4.4,"47,074",Georgia
280,157,Wilcox,4.5,"35,961",Georgia
281,158,Wilkes,4.5,"39,361",Georgia
282,159,Wilkinson,3.8,"41,036",Georgia
283,160,Worth,3.9,"48,708",Georgia
284,2,Adams,3.4,"55,174",Illinois
285,3,Alexander,6.2,"35,249",Illinois
286,4,Bond,3.8,"54,800",Illinois
287,5,Boone,5.6,"74,507",Illinois
288,6,Brown,2.4,"55,327",Illinois
289,7,Bureau,4.6,"56,099",Illinois
290,8,Calhoun,4.8,"56,099",Illinois
291,9,Carroll,4.1,"51,963",Illinois
292,10,Cass,4.1,"52,486",Illinois
293,11,Champaign,3.8,"53,251",Illinois
294,12,Christian,4.8,"52,936",Illinois
295,13,Clark,4.5,"54,092",Illinois
296,14,Clay,4.5,"45,427",Illinois
297,15,Clinton,3.1,"66,597",Illinois
298,16,Coles,4.0,"47,291",Illinois
299,17,Cook,3.8,"63,347",Illinois
300,18,Crawford,4.3,"52,313",Illinois
301,19,Cumberland,3.4,"60,572",Illinois
303,21,De Witt,4.3,"55,300",Illinois
302,20,DeKalb,4.1,"63,274",Illinois
304,22,Douglas,3.6,"56,976",Illinois
305,23,DuPage,2.9,"93,540",Illinois
306,24,Edgar,4.2,"51,577",Illinois
307,25,Edwards,4.1,"51,280",Illinois
308,26,Effingham,3.3,"60,773",Illinois
309,27,Fayette,4.4,"47,484",Illinois
310,28,Ford,4.3,"55,357",Illinois
311,29,Franklin,5.4,"42,071",Illinois
312,30,Fulton,5.6,"51,258",Illinois
313,31,Gallatin,4.9,"43,330",Illinois
314,32,Greene,4.3,"47,314",Illinois
315,33,Grundy,4.5,"79,348",Illinois
316,34,Hamilton,3.9,"53,028",Illinois
317,35,Hancock,4.7,"53,553",Illinois
318,36,Hardin,6.6,"41,713",Illinois
319,37,Henderson,4.8,"53,632",Illinois
320,38,Henry,4.8,"58,042",Illinois
321,39,Iroquois,4.2,"55,247",Illinois
322,40,Jackson,3.8,"41,445",Illinois
323,41,Jasper,4.2,"54,552",Illinois
324,42,Jefferson,4.6,"47,425",Illinois
325,43,Jersey,4.4,"59,117",Illinois
326,44,Jo Daviess,4.1,"56,832",Illinois
327,45,Johnson,6.0,"53,884",Illinois
328,46,Kane,4.4,"79,834",Illinois
329,47,Kankakee,5.0,"53,884",Illinois
330,48,Kendall,3.3,"93,345",Illinois
331,49,Knox,5.0,"44,553",Illinois
333,51,LaSalle,5.3,"54,063",Illinois
332,50,Lake,4.1,"87,336",Illinois
334,52,Lawrence,5.2,"43,767",Illinois
335,53,Lee,4.0,"54,915",Illinois
336,54,Livingston,4.1,"59,323",Illinois
337,55,Logan,4.3,"52,959",Illinois
341,59,Macon,5.3,"50,684",Illinois
342,60,Macoupin,4.3,"53,409",Illinois
343,61,Madison,3.9,"60,121",Illinois
344,62,Marion,4.5,"46,096",Illinois
345,63,Marshall,4.8,"57,422",Illinois
346,64,Mason,5.3,"48,764",Illinois
347,65,Massac,5.6,"43,783",Illinois
338,56,McDonough,4.7,"42,887",Illinois
339,57,McHenry,3.3,"86,268",Illinois
340,58,McLean,3.8,"67,087",Illinois
348,66,Menard,3.8,"74,872",Illinois
349,67,Mercer,5.0,"58,384",Illinois
350,68,Monroe,3.1,"88,481",Illinois
351,69,Montgomery,5.2,"53,138",Illinois
352,70,Morgan,4.0,"48,976",Illinois
353,71,Moultrie,3.3,"59,901",Illinois
354,72,Ogle,4.8,"61,794",Illinois
355,73,Peoria,5.1,"56,478",Illinois
356,74,Perry,5.1,"49,965",Illinois
357,75,Piatt,3.6,"67,460",Illinois
358,76,Pike,4.3,"47,815",Illinois
359,77,Pope,5.6,"43,053",Illinois
360,78,Pulaski,6.6,"38,400",Illinois
361,79,Putnam,5.0,"66,319",Illinois
362,80,Randolph,3.7,"53,607",Illinois
363,81,Richland,4.1,"48,152",Illinois
364,82,Rock Island,4.9,"52,642",Illinois
366,84,Saline,5.3,"40,761",Illinois
367,85,Sangamon,4.0,"62,242",Illinois
368,86,Schuyler,4.2,"52,018",Illinois
369,87,Scott,4.7,"55,198",Illinois
370,88,Shelby,3.9,"56,509",Illinois
365,83,St. Clair,4.5,"58,222",Illinois
371,89,Stark,5.7,"52,651",Illinois
372,90,Stephenson,4.4,"47,357",Illinois
373,91,Tazewell,4.4,"61,508",Illinois
374,92,Union,5.7,"49,716",Illinois
375,93,Vermilion,5.1,"44,638",Illinois
376,94,Wabash,3.8,"53,414",Illinois
377,95,Warren,4.1,"53,532",Illinois
378,96,Washington,2.5,"66,937",Illinois
379,97,Wayne,4.8,"50,471",Illinois
380,98,White,3.8,"49,507",Illinois
381,99,Whiteside,4.3,"57,197",Illinois
382,100,Will,3.8,"86,108",Illinois
383,101,Williamson,4.3,"46,187",Illinois
384,102,Winnebago,5.7,"53,795",Illinois
385,103,Woodford,3.7,"72,247",Illinois
386,2,Allen,3.5,"44,423",Kansas
387,3,Anderson,3.3,"50,646",Kansas
388,4,Atchison,5.2,"49,332",Kansas
389,5,Barber,2.5,"47,634",Kansas
390,6,Barton,3.1,"49,991",Kansas
391,7,Bourbon,4.2,"41,807",Kansas
392,8,Brown,3.2,"47,529",Kansas
393,9,Butler,3.2,"65,953",Kansas
394,10,Chase,2.8,"50,981",Kansas
395,11,Chautauqua,3.9,"41,129",Kansas
396,12,Cherokee,3.4,"44,475",Kansas
397,13,Cheyenne,2.4,"43,274",Kansas
398,14,Clark,2.3,"51,235",Kansas
399,15,Clay,3.2,"52,681",Kansas
400,16,Cloud,3.2,"44,467",Kansas
401,17,Coffey,4.5,"58,371",Kansas
402,18,Comanche,2.6,"46,818",Kansas
403,19,Cowley,3.4,"47,864",Kansas
404,20,Crawford,3.9,"43,852",Kansas
405,21,Decatur,3.0,"44,774",Kansas
406,22,Dickinson,3.6,"50,605",Kansas
407,23,Doniphan,3.4,"50,949",Kansas
408,24,Douglas,2.9,"57,120",Kansas
409,25,Edwards,2.6,"46,962",Kansas
410,26,Elk,3.7,"37,360",Kansas
411,27,Ellis,2.3,"53,840",Kansas
412,28,Ellsworth,2.8,"50,261",Kansas
413,29,Finney,2.3,"56,206",Kansas
414,30,Ford,2.5,"56,052",Kansas
415,31,Franklin,3.3,"58,033",Kansas
416,32,Geary,4.4,"50,856",Kansas
417,33,Gove,2.1,"49,626",Kansas
418,34,Graham,3.1,"41,906",Kansas
419,35,Grant,2.9,"61,614",Kansas
420,36,Gray,2.0,"65,771",Kansas
421,37,Greeley,2.3,"51,606",Kansas
422,38,Greenwood,3.2,"43,083",Kansas
423,39,Hamilton,1.9,"51,559",Kansas
424,40,Harper,2.5,"45,570",Kansas
425,41,Harvey,2.9,"57,934",Kansas
426,42,Haskell,2.3,"60,808",Kansas
427,43,Hodgeman,2.4,"54,058",Kansas
428,44,Jackson,2.9,"56,330",Kansas
429,45,Jefferson,3.1,"69,246",Kansas
430,46,Jewell,2.8,"44,271",Kansas
431,47,Johnson,2.8,"87,087",Kansas
432,48,Kearny,2.3,"63,248",Kansas
433,49,Kingman,3.2,"56,005",Kansas
434,50,Kiowa,2.3,"64,399",Kansas
435,51,Labette,4.0,"44,571",Kansas
436,52,Lane,2.6,"59,240",Kansas
437,53,Leavenworth,3.4,"70,807",Kansas
438,54,Lincoln,2.3,"44,439",Kansas
439,55,Linn,5.9,"47,153",Kansas
440,56,Logan,2.0,"50,267",Kansas
441,57,Lyon,3.4,"47,982",Kansas
443,59,Marion,3.0,"51,712",Kansas
444,60,Marshall,2.9,"51,066",Kansas
442,58,McPherson,2.2,"58,017",Kansas
445,61,Meade,2.3,"67,220",Kansas
446,62,Miami,3.3,"71,770",Kansas
447,63,Mitchell,2.4,"51,514",Kansas
448,64,Montgomery,4.1,"42,479",Kansas
449,65,Morris,2.7,"49,287",Kansas
450,66,Morton,2.9,"53,785",Kansas
451,67,Nemaha,2.8,"59,567",Kansas
452,68,Neosho,4.6,"46,176",Kansas
453,69,Ness,2.5,"51,757",Kansas
454,70,Norton,2.2,"47,252",Kansas
455,71,Osage,3.6,"53,864",Kansas
456,72,Osborne,2.0,"46,101",Kansas
457,73,Ottawa,2.7,"56,451",Kansas
458,74,Pawnee,2.9,"47,039",Kansas
459,75,Phillips,2.6,"47,405",Kansas
460,76,Pottawatomie,2.8,"69,975",Kansas
461,77,Pratt,2.5,"52,567",Kansas
462,78,Rawlins,2.2,"46,638",Kansas
463,79,Reno,3.2,"49,341",Kansas
464,80,Republic,2.6,"48,566",Kansas
465,81,Rice,2.8,"51,686",Kansas
466,82,Riley,2.8,"47,057",Kansas
467,83,Rooks,3.5,"47,365",Kansas
468,84,Rush,2.8,"44,121",Kansas
469,85,Russell,2.9,"45,879",Kansas
470,86,Saline,3.0,"53,961",Kansas
471,87,Scott,1.9,"63,790",Kansas
472,88,Sedgwick,3.5,"56,381",Kansas
473,89,Seward,3.1,"50,671",Kansas
474,90,Shawnee,3.3,"53,612",Kansas
475,91,Sheridan,2.2,"50,553",Kansas
476,92,Sherman,2.7,"45,966",Kansas
477,93,Smith,2.5,"41,899",Kansas
478,94,Stafford,2.7,"47,835",Kansas
479,95,Stanton,2.5,"60,136",Kansas
480,96,Stevens,2.6,"58,817",Kansas
481,97,Sumner,3.4,"56,946",Kansas
482,98,Thomas,2.3,"55,345",Kansas
483,99,Trego,2.8,"48,520",Kansas
484,100,Wabaunsee,3.2,"59,744",Kansas
485,101,Wallace,2.6,"51,350",Kansas
486,102,Washington,2.6,"48,104",Kansas
487,103,Wichita,2.0,"59,800",Kansas
488,104,Wilson,4.0,"45,697",Kansas
489,105,Woodson,4.2,"43,894",Kansas
490,106,Wyandotte,4.3,"47,084",Kansas
491,2,Adair,5.3,"37,392",Kentucky
492,3,Allen,4.2,"44,624",Kentucky
493,4,Anderson,3.7,"60,908",Kentucky
494,5,Ballard,5.7,"47,658",Kentucky
495,6,Barren,4.5,"42,439",Kentucky
496,7,Bath,6.2,"44,183",Kentucky
497,8,Bell,6.4,"29,362",Kentucky
498,9,Boone,3.4,"77,696",Kentucky
499,10,Bourbon,3.8,"48,614",Kentucky
500,11,Boyd,5.7,"48,020",Kentucky
501,12,Boyle,4.7,"47,528",Kentucky
502,13,Bracken,4.9,"56,432",Kentucky
503,14,Breathitt,7.5,"31,182",Kentucky
504,15,Breckinridge,5.3,"47,284",Kentucky
505,16,Bullitt,4.1,"61,022",Kentucky
506,17,Butler,4.8,"43,048",Kentucky
507,18,Caldwell,5.0,"43,659",Kentucky
508,19,Calloway,4.1,"41,873",Kentucky
509,20,Campbell,3.5,"60,904",Kentucky
510,21,Carlisle,4.2,"41,249",Kentucky
511,22,Carroll,4.0,"47,623",Kentucky
512,23,Carter,8.3,"32,906",Kentucky
513,24,Casey,4.2,"34,358",Kentucky
514,25,Christian,5.6,"40,299",Kentucky
515,26,Clark,3.9,"50,162",Kentucky
516,27,Clay,7.0,"28,146",Kentucky
517,28,Clinton,5.5,"31,118",Kentucky
518,29,Crittenden,4.9,"43,624",Kentucky
519,30,Cumberland,4.2,"33,541",Kentucky
520,31,Daviess,3.9,"51,441",Kentucky
521,32,Edmonson,4.9,"43,151",Kentucky
522,33,Elliott,8.2,"35,446",Kentucky
523,34,Estill,5.0,"35,701",Kentucky
524,35,Fayette,3.3,"55,358",Kentucky
525,36,Fleming,5.4,"42,571",Kentucky
526,37,Floyd,6.4,"33,218",Kentucky
527,38,Franklin,3.7,"53,134",Kentucky
528,39,Fulton,5.7,"32,355",Kentucky
529,40,Gallatin,4.0,"49,060",Kentucky
530,41,Garrard,4.6,"51,203",Kentucky
531,42,Grant,4.1,"53,965",Kentucky
532,43,Graves,4.6,"46,785",Kentucky
533,44,Grayson,5.0,"40,780",Kentucky
534,45,Green,4.4,"36,782",Kentucky
535,46,Greenup,6.6,"49,457",Kentucky
536,47,Hancock,3.8,"56,769",Kentucky
537,48,Hardin,4.1,"52,278",Kentucky
538,49,Harlan,9.6,"29,521",Kentucky
539,50,Harrison,4.3,"51,709",Kentucky
540,51,Hart,4.7,"37,038",Kentucky
541,52,Henderson,3.8,"51,161",Kentucky
542,53,Henry,3.7,"53,405",Kentucky
543,54,Hickman,4.8,"44,290",Kentucky
544,55,Hopkins,4.6,"45,512",Kentucky
545,56,Jackson,6.5,"35,317",Kentucky
546,57,Jefferson,4.0,"55,860",Kentucky
547,58,Jessamine,3.6,"59,443",Kentucky
548,59,Johnson,6.6,"39,381",Kentucky
549,60,Kenton,3.6,"64,644",Kentucky
550,61,Knott,6.9,"32,228",Kentucky
551,62,Knox,6.0,"30,742",Kentucky
552,63,Larue,4.5,"45,458",Kentucky
553,64,Laurel,4.9,"41,425",Kentucky
554,65,Lawrence,7.1,"36,667",Kentucky
555,66,Lee,5.7,"29,124",Kentucky
556,67,Leslie,8.2,"31,921",Kentucky
557,68,Letcher,7.4,"32,321",Kentucky
558,69,Lewis,8.9,"35,751",Kentucky
559,70,Lincoln,5.0,"42,190",Kentucky
560,71,Livingston,5.7,"48,182",Kentucky
561,72,Logan,4.0,"46,742",Kentucky
562,73,Lyon,4.7,"48,395",Kentucky
566,77,Madison,3.9,"51,897",Kentucky
567,78,Magoffin,11.0,"30,950",Kentucky
568,79,Marion,3.9,"45,661",Kentucky
569,80,Marshall,4.7,"52,388",Kentucky
570,81,Martin,6.9,"28,925",Kentucky
571,82,Mason,5.8,"41,807",Kentucky
563,74,McCracken,4.9,"48,950",Kentucky
564,75,McCreary,6.0,"30,029",Kentucky
565,76,McLean,4.4,"48,080",Kentucky
572,83,Meade,4.6,"57,613",Kentucky
573,84,Menifee,6.9,"34,002",Kentucky
574,85,Mercer,4.6,"53,921",Kentucky
575,86,Metcalfe,4.8,"35,906",Kentucky
576,87,Monroe,3.9,"35,596",Kentucky
577,88,Montgomery,5.3,"46,629",Kentucky
578,89,Morgan,5.4,"35,848",Kentucky
579,90,Muhlenberg,6.2,"43,722",Kentucky
580,91,Nelson,4.5,"55,602",Kentucky
581,92,Nicholas,4.4,"41,428",Kentucky
582,93,Ohio,5.1,"44,751",Kentucky
583,94,Oldham,3.3,"102,136",Kentucky
584,95,Owen,4.6,"48,998",Kentucky
585,96,Owsley,7.0,"26,278",Kentucky
586,97,Pendleton,3.8,"54,583",Kentucky
587,98,Perry,6.1,"33,108",Kentucky
588,99,Pike,5.8,"37,124",Kentucky
589,100,Powell,5.4,"37,776",Kentucky
590,101,Pulaski,4.7,"41,541",Kentucky
591,102,Robertson,5.4,"45,146",Kentucky
592,103,Rockcastle,4.8,"37,732",Kentucky
593,104,Rowan,5.3,"41,196",Kentucky
594,105,Russell,5.7,"34,648",Kentucky
595,106,Scott,3.5,"73,500",Kentucky
596,107,Shelby,3.4,"66,056",Kentucky
597,108,Simpson,4.5,"51,769",Kentucky
598,109,Spencer,3.6,"85,899",Kentucky
599,110,Taylor,4.3,"45,429",Kentucky
600,111,Todd,3.9,"51,027",Kentucky
601,112,Trigg,4.7,"49,767",Kentucky
602,113,Trimble,4.4,"51,674",Kentucky
603,114,Union,4.5,"47,067",Kentucky
604,115,Warren,3.9,"53,478",Kentucky
605,116,Washington,3.9,"50,246",Kentucky
606,117,Wayne,5.8,"33,701",Kentucky
607,118,Webster,4.0,"47,132",Kentucky
608,119,Whitley,5.2,"36,863",Kentucky
609,120,Wolfe,7.1,"30,144",Kentucky
610,121,Woodford,3.1,"66,164",Kentucky
58,2,Adams,3.3,"62,877",Pennsylvania
59,3,Allegheny,4.1,"59,881",Pennsylvania
60,4,Armstrong,5.1,"49,436",Pennsylvania
61,5,Beaver,4.5,"54,823",Pennsylvania
62,6,Bedford,4.7,"50,257",Pennsylvania
63,7,Berks,4.3,"62,519",Pennsylvania
64,8,Blair,4.5,"49,244",Pennsylvania
65,9,Bradford,4.4,"50,978",Pennsylvania
66,10,Bucks,3.8,"88,538",Pennsylvania
67,11,Butler,3.9,"67,161",Pennsylvania
68,12,Cambria,5.3,"45,163",Pennsylvania
69,13,Cameron,6.0,"41,770",Pennsylvania
70,14,Carbon,5.4,"53,901",Pennsylvania
71,15,Centre,3.3,"58,258",Pennsylvania
72,16,Chester,3.2,"99,224",Pennsylvania
73,17,Clarion,4.9,"46,284",Pennsylvania
74,18,Clearfield,5.2,"46,706",Pennsylvania
75,19,Clinton,5.4,"50,999",Pennsylvania
76,20,Columbia,4.8,"50,774",Pennsylvania
77,21,Crawford,4.7,"50,805",Pennsylvania
78,22,Cumberland,3.4,"71,695",Pennsylvania
79,23,Dauphin,4.0,"57,979",Pennsylvania
80,24,Delaware,4.0,"71,961",Pennsylvania
81,25,Elk,4.9,"54,876",Pennsylvania
82,26,Erie,4.6,"48,453",Pennsylvania
83,27,Fayette,5.9,"50,381",Pennsylvania
84,28,Forest,6.8,"41,750",Pennsylvania
85,29,Franklin,3.8,"60,744",Pennsylvania
86,30,Fulton,4.4,"52,277",Pennsylvania
87,31,Greene,5.1,"50,956",Pennsylvania
88,32,Huntingdon,5.9,"49,019",Pennsylvania
89,33,Indiana,5.0,"47,999",Pennsylvania
90,34,Jefferson,4.7,"46,751",Pennsylvania
91,35,Juniata,4.4,"54,342",Pennsylvania
92,36,Lackawanna,4.9,"52,872",Pennsylvania
93,37,Lancaster,3.4,"66,270",Pennsylvania
94,38,Lawrence,5.1,"48,418",Pennsylvania
95,39,Lebanon,3.9,"61,087",Pennsylvania
96,40,Lehigh,4.5,"62,139",Pennsylvania
97,41,Luzerne,5.7,"53,469",Pennsylvania
98,42,Lycoming,4.8,"53,820",Pennsylvania
99,43,McKean,5.3,"46,529",Pennsylvania
100,44,Mercer,4.9,"48,788",Pennsylvania
101,45,Mifflin,4.7,"47,648",Pennsylvania
102,46,Monroe,5.4,"63,318",Pennsylvania
103,47,Montgomery,3.5,"90,155",Pennsylvania
104,48,Montour,3.6,"61,314",Pennsylvania
105,49,Northampton,4.5,"68,217",Pennsylvania
106,50,Northumberland,5.6,"47,243",Pennsylvania
107,51,Perry,3.7,"62,366",Pennsylvania
108,52,Philadelphia Coun,5.5,"46,149",Pennsylvania
109,53,Pike,5.6,"62,657",Pennsylvania
110,54,Potter,5.9,"44,883",Pennsylvania
111,55,Schuylkill,5.4,"48,809",Pennsylvania
112,56,Snyder,5.4,"56,991",Pennsylvania
113,57,Somerset,5.3,"50,504",Pennsylvania
114,58,Sullivan,5.2,"48,998",Pennsylvania
115,59,Susquehanna,4.3,"52,573",Pennsylvania
116,60,Tioga,5.3,"48,799",Pennsylvania
117,61,Union,4.0,"55,679",Pennsylvania
118,62,Venango,4.9,"45,761",Pennsylvania
119,63,Warren,4.5,"50,554",Pennsylvania
120,64,Washington,4.5,"63,119",Pennsylvania
121,65,Wayne,4.7,"53,602",Pennsylvania
122,66,Westmoreland,4.5,"58,398",Pennsylvania
123,67,Wyoming,4.9,"57,599",Pennsylvania
124,68,York,3.8,"65,238",Pennsylvania
611,2,Anderson,2.9,"45,969",Texas
612,3,Andrews,2.2,"84,946",Texas
613,4,Angelina,4.0,"46,653",Texas
614,5,Aransas,4.3,"46,912",Texas
615,6,Archer,2.8,"61,190",Texas
616,7,Armstrong,2.7,"57,210",Texas
617,8,Atascosa,3.6,"50,594",Texas
618,9,Austin,3.4,"59,942",Texas
619,10,Bailey,3.7,"45,051",Texas
620,11,Bandera,3.3,"53,008",Texas
621,12,Bastrop,3.0,"61,883",Texas
622,13,Baylor,2.3,"41,180",Texas
623,14,Bee,4.4,"41,806",Texas
624,15,Bell,3.8,"54,292",Texas
625,16,Bexar,3.1,"54,210",Texas
626,17,Blanco,2.4,"64,832",Texas
627,18,Borden,2.5,"66,101",Texas
628,19,Bosque,3.4,"48,460",Texas
629,20,Bowie,4.4,"47,339",Texas
630,21,Brazoria,4.2,"74,225",Texas
631,22,Brazos,2.7,"50,113",Texas
632,23,Brewster,2.9,"45,670",Texas
633,24,Briscoe,3.5,"44,409",Texas
634,25,Brooks,5.1,"30,116",Texas
635,26,Brown,3.7,"47,097",Texas
636,27,Burleson,3.1,"53,626",Texas
637,28,Burnet,2.7,"56,696",Texas
638,29,Caldwell,3.3,"52,588",Texas
639,30,Calhoun,3.2,"52,085",Texas
640,31,Callahan,3.1,"50,330",Texas
641,32,Cameron,5.5,"38,106",Texas
642,33,Camp,4.2,"43,714",Texas
643,34,Carson,2.6,"64,799",Texas
644,35,Cass,4.3,"44,154",Texas
645,36,Castro,2.8,"45,689",Texas
646,37,Chambers,4.5,"89,513",Texas
647,38,Cherokee,3.8,"43,483",Texas
648,39,Childress,2.7,"42,291",Texas
649,40,Clay,3.1,"58,356",Texas
650,41,Cochran,3.4,"42,873",Texas
651,42,Coke,3.2,"44,804",Texas
652,43,Coleman,4.1,"39,484",Texas
653,44,Collin,3.1,"96,936",Texas
654,45,Collingsworth,3.2,"39,536",Texas
655,46,Colorado,3.1,"48,258",Texas
656,47,Comal,3.0,"76,523",Texas
657,48,Comanche,3.2,"52,251",Texas
658,49,Concho,3.2,"40,987",Texas
659,50,Cooke,2.8,"52,047",Texas
660,51,Coryell,3.9,"48,099",Texas
661,52,Cottle,4.2,"38,304",Texas
662,53,Crane,4.0,"61,987",Texas
663,54,Crockett,2.9,"49,117",Texas
664,55,Crosby,3.9,"37,911",Texas
665,56,Culberson,4.0,"42,164",Texas
666,57,Dallam,1.9,"50,587",Texas
667,58,Dallas,3.5,"59,838",Texas
668,59,Dawson,3.9,"43,726",Texas
672,63,DeWitt,2.6,"49,208",Texas
669,60,Deaf Smith,2.8,"44,230",Texas
670,61,Delta,3.4,"44,410",Texas
671,62,Denton,3.0,"88,384",Texas
673,64,Dickens,4.4,"39,627",Texas
674,65,Dimmit,2.5,"37,177",Texas
675,66,Donley,3.5,"40,945",Texas
676,67,Duval,4.5,"35,156",Texas
677,68,Eastland,3.3,"44,773",Texas
678,69,Ector,2.6,"60,431",Texas
679,70,Edwards,2.3,"37,812",Texas
681,72,El Paso,3.8,"43,948",Texas
680,71,Ellis,3.1,"76,792",Texas
682,73,Erath,3.2,"47,087",Texas
683,74,Falls,3.3,"37,428",Texas
684,75,Fannin,2.7,"53,111",Texas
685,76,Fayette,2.6,"55,776",Texas
686,77,Fisher,2.9,"45,261",Texas
687,78,Floyd,4.3,"39,891",Texas
688,79,Foard,3.1,"37,648",Texas
689,80,Fort Bend,3.5,"92,310",Texas
690,81,Franklin,3.6,"48,222",Texas
691,82,Freestone,4.8,"49,317",Texas
692,83,Frio,2.6,"41,038",Texas
693,84,Gaines,2.4,"56,321",Texas
694,85,Galveston,4.0,"71,959",Texas
695,86,Garza,2.7,"46,490",Texas
696,87,Gillespie,2.4,"61,433",Texas
697,88,Glasscock,2.1,"83,330",Texas
698,89,Goliad,3.4,"55,008",Texas
699,90,Gonzales,2.7,"49,829",Texas
700,91,Gray,3.6,"49,121",Texas
701,92,Grayson,3.1,"51,403",Texas
702,93,Gregg,3.7,"50,610",Texas
703,94,Grimes,3.9,"49,498",Texas
704,95,Guadalupe,2.9,"73,864",Texas
705,96,Hale,4.5,"42,782",Texas
706,97,Hall,4.1,"32,597",Texas
707,98,Hamilton,3.0,"49,210",Texas
708,99,Hansford,2.3,"57,240",Texas
709,100,Hardeman,3.0,"42,469",Texas
710,101,Hardin,4.6,"60,909",Texas
711,102,Harris,3.8,"60,241",Texas
712,103,Harrison,4.0,"50,131",Texas
713,104,Hartley,1.6,"72,451",Texas
714,105,Haskell,3.3,"40,880",Texas
715,106,Hays,2.8,"68,180",Texas
716,107,Hemphill,2.7,"66,849",Texas
717,108,Henderson,3.5,"43,337",Texas
718,109,Hidalgo,6.2,"38,785",Texas
719,110,Hill,3.3,"48,670",Texas
720,111,Hockley,3.0,"46,764",Texas
721,112,Hood,3.4,"60,917",Texas
722,113,Hopkins,3.1,"52,079",Texas
723,114,Houston,3.1,"39,533",Texas
724,115,Howard,3.1,"50,423",Texas
725,116,Hudspeth,4.4,"42,671",Texas
726,117,Hunt,3.5,"53,360",Texas
727,118,Hutchinson,4.4,"54,351",Texas
728,119,Irion,2.4,"56,775",Texas
729,120,Jack,3.1,"48,780",Texas
730,121,Jackson,3.0,"54,088",Texas
731,122,Jasper,6.1,"47,551",Texas
732,123,Jeff Davis,2.9,"51,343",Texas
733,124,Jefferson,5.8,"48,121",Texas
734,125,Jim Hogg,4.8,"36,176",Texas
735,126,Jim Wells,4.7,"41,919",Texas
736,127,Johnson,3.2,"62,635",Texas
737,128,Jones,4.3,"43,903",Texas
738,129,Karnes,2.5,"48,743",Texas
739,130,Kaufman,3.3,"67,434",Texas
740,131,Kendall,2.7,"90,937",Texas
741,132,Kenedy,3.6,"42,153",Texas
742,133,Kent,2.3,"47,625",Texas
743,134,Kerr,3.0,"53,704",Texas
744,135,Kimble,3.1,"42,503",Texas
745,136,King,2.1,"57,925",Texas
746,137,Kinney,3.6,"43,192",Texas
747,138,Kleberg,4.4,"42,605",Texas
748,139,Knox,3.3,"39,726",Texas
752,143,La Salle,2.4,"40,072",Texas
749,140,Lamar,3.4,"45,767",Texas
750,141,Lamb,3.8,"42,700",Texas
751,142,Lampasas,3.3,"55,151",Texas
753,144,Lavaca,3.0,"51,128",Texas
754,145,Lee,2.6,"55,834",Texas
755,146,Leon,4.4,"47,065",Texas
756,147,Liberty,5.0,"52,577",Texas
757,148,Limestone,3.9,"43,226",Texas
758,149,Lipscomb,2.6,"57,332",Texas
759,150,Live Oak,3.1,"48,814",Texas
760,151,Llano,3.4,"54,019",Texas
761,152,Loving,0.7,"78,637",Texas
762,153,Lubbock,2.8,"50,377",Texas
763,154,Lynn,3.0,"43,436",Texas
767,158,Madison,4.3,"45,445",Texas
768,159,Marion,4.3,"38,011",Texas
769,160,Martin,2.6,"56,484",Texas
770,161,Mason,3.2,"49,560",Texas
771,162,Matagorda,5.7,"48,830",Texas
772,163,Maverick,7.5,"35,594",Texas
764,155,McCulloch,5.2,"42,719",Texas
765,156,McLennan,3.3,"48,858",Texas
766,157,McMullen,1.6,"64,633",Texas
773,164,Medina,3.1,"59,304",Texas
774,165,Menard,3.5,"35,881",Texas
775,166,Midland,2.1,"80,189",Texas
776,167,Milam,5.0,"46,720",Texas
777,168,Mills,3.3,"47,068",Texas
778,169,Mitchell,3.5,"48,529",Texas
779,170,Montague,2.8,"50,542",Texas
780,171,Montgomery,3.4,"77,598",Texas
781,172,Moore,2.3,"53,785",Texas
782,173,Morris,5.3,"41,418",Texas
783,174,Motley,3.5,"41,009",Texas
784,175,Nacogdoches,3.7,"45,357",Texas
785,176,Navarro,3.2,"46,259",Texas
786,177,Newton,6.3,"43,367",Texas
787,178,Nolan,2.9,"42,522",Texas
788,179,Nueces,4.1,"53,034",Texas
789,180,Ochiltree,2.7,"49,845",Texas
790,181,Oldham,2.8,"56,590",Texas
791,182,Orange,5.2,"56,556",Texas
792,183,Palo Pinto,3.1,"46,067",Texas
793,184,Panola,4.0,"51,192",Texas
794,185,Parker,2.9,"73,718",Texas
795,186,Parmer,2.2,"50,539",Texas
796,187,Pecos,3.3,"47,008",Texas
797,188,Polk,4.7,"46,017",Texas
798,189,Potter,2.7,"41,912",Texas
799,190,Presidio,6.5,"37,738",Texas
800,191,Rains,3.0,"47,572",Texas
801,192,Randall,2.4,"69,600",Texas
802,193,Reagan,2.5,"65,273",Texas
803,194,Real,4.0,"39,506",Texas
804,195,Red River,4.6,"42,233",Texas
805,196,Reeves,1.7,"45,341",Texas
806,197,Refugio,3.7,"44,821",Texas
807,198,Roberts,3.1,"67,470",Texas
808,199,Robertson,3.6,"44,917",Texas
809,200,Rockwall,3.1,"102,858",Texas
810,201,Runnels,2.8,"42,205",Texas
811,202,Rusk,3.6,"49,788",Texas
812,203,Sabine,6.6,"40,641",Texas
813,204,San Augustine,4.8,"38,826",Texas
814,205,San Jacinto,4.6,"47,028",Texas
815,206,San Patricio,5.4,"53,559",Texas
816,207,San Saba,2.9,"43,827",Texas
817,208,Schleicher,2.9,"47,317",Texas
818,209,Scurry,3.2,"53,059",Texas
819,210,Shackelford,2.2,"57,126",Texas
820,211,Shelby,3.9,"41,961",Texas
821,212,Sherman,2.3,"57,052",Texas
822,213,Smith,3.3,"56,848",Texas
823,214,Somervell,3.6,"63,929",Texas
824,215,Starr,9.8,"30,490",Texas
825,216,Stephens,3.1,"43,115",Texas
826,217,Sterling,3.1,"59,064",Texas
827,218,Stonewall,2.9,"46,915",Texas
828,219,Sutton,3.7,"54,774",Texas
829,220,Swisher,3.7,"43,084",Texas
830,221,Tarrant,3.3,"66,059",Texas
831,222,Taylor,2.9,"48,040",Texas
832,223,Terrell,3.4,"41,413",Texas
833,224,Terry,3.7,"41,268",Texas
834,225,Throckmorton,3.8,"42,701",Texas
835,226,Titus,4.2,"45,604",Texas
836,227,Tom Green,3.0,"51,393",Texas
837,228,Travis,2.6,"76,255",Texas
838,229,Trinity,4.8,"40,486",Texas
839,230,Tyler,5.8,"44,041",Texas
840,231,Upshur,3.7,"48,554",Texas
841,232,Upton,2.9,"53,867",Texas
842,233,Uvalde,3.8,"39,725",Texas
843,234,Val Verde,3.4,"44,276",Texas
844,235,Van Zandt,3.3,"51,152",Texas
845,236,Victoria,3.4,"51,646",Texas
846,237,Walker,3.9,"43,681",Texas
847,238,Waller,3.7,"59,807",Texas
848,239,Ward,2.3,"53,621",Texas
849,240,Washington,3.3,"54,332",Texas
850,241,Webb,3.7,"44,919",Texas
851,242,Wharton,3.4,"48,040",Texas
852,243,Wheeler,3.0,"48,018",Texas
853,244,Wichita,3.2,"47,477",Texas
854,245,Wilbarger,3.6,"44,735",Texas
855,246,Willacy,8.2,"33,171",Texas
856,247,Williamson,2.8,"87,817",Texas
857,248,Wilson,2.8,"71,207",Texas
858,249,Winkler,2.8,"56,781",Texas
859,250,Wise,3.2,"66,387",Texas
860,251,Wood,3.9,"48,384",Texas
861,252,Yoakum,2.9,"61,560",Texas
862,253,Young,3.0,"49,301",Texas
863,254,Zapata,5.1,"33,160",Texas
864,255,Zavala,8.5,"30,076",Texas
865,2,Accomack,3.5,"42,879",Virginia
866,3,Albemarle,2.5,"80,392",Virginia
960,97,Alexandria City,2.1,"99,425",Virginia
867,4,Alleghany,3.4,"46,538",Virginia
868,5,Amelia,3.2,"57,280",Virginia
869,6,Amherst,3.2,"50,580",Virginia
870,7,Appomattox,3.5,"51,131",Virginia
871,8,Arlington,1.9,"120,950",Virginia
872,9,Augusta,2.4,"60,556",Virginia
873,10,Bath,2.5,"50,564",Virginia
874,11,Bedford,2.9,"61,186",Virginia
875,12,Bland,2.8,"47,681",Virginia
876,13,Botetourt,2.5,"71,874",Virginia
961,98,Bristol City,3.8,"36,903",Virginia
877,14,Brunswick,4.7,"41,803",Virginia
878,15,Buchanan,5.6,"32,144",Virginia
879,16,Buckingham,4.2,"45,889",Virginia
962,99,Buena Vista City,2.7,"43,390",Virginia
880,17,Campbell,3.1,"51,525",Virginia
881,18,Caroline,3.2,"67,335",Virginia
882,19,Carroll,3.6,"41,517",Virginia
883,20,Charles City,3.4,"56,872",Virginia
884,21,Charlotte,3.5,"41,382",Virginia
963,100,Charlottesville City,2.4,"56,997",Virginia
964,101,Chesapeake City,2.9,"78,846",Virginia
885,22,Chesterfield,2.7,"80,734",Virginia
886,23,Clarke,2.5,"84,021",Virginia
965,102,Colonial Heights City,3.2,"56,800",Virginia
966,103,Covington City,4.2,"40,504",Virginia
887,24,Craig,3.2,"50,858",Virginia
888,25,Culpeper,2.6,"72,111",Virginia
889,26,Cumberland,3.0,"46,300",Virginia
967,104,Danville City,5.0,"36,015",Virginia
890,27,Dickenson,4.9,"35,047",Virginia
891,28,Dinwiddie,3.3,"57,257",Virginia
968,105,Emporia City,5.0,"36,908",Virginia
892,29,Essex,3.5,"50,785",Virginia
893,30,Fairfax,2.3,"122,035",Virginia
969,106,Fairfax City,2.1,"105,532",Virginia
970,107,Falls Church City,2.0,"137,551",Virginia
894,31,Fauquier,2.4,"93,462",Virginia
895,32,Floyd,2.6,"48,315",Virginia
896,33,Fluvanna,2.3,"73,463",Virginia
897,34,Franklin,2.9,"53,522",Virginia
971,108,Franklin City,4.0,"37,327",Virginia
898,35,Frederick,2.4,"77,684",Virginia
972,109,Fredericksburg City,3.4,"58,448",Virginia
973,110,Galax City,3.3,"36,571",Virginia
899,36,Giles,3.3,"50,591",Virginia
900,37,Gloucester,2.6,"70,938",Virginia
901,38,Goochland,2.8,"89,331",Virginia
902,39,Grayson,2.9,"37,550",Virginia
903,40,Greene,2.3,"67,498",Virginia
904,41,Greensville,3.4,"43,533",Virginia
905,42,Halifax,3.9,"43,096",Virginia
974,111,Hampton City,3.8,"54,763",Virginia
906,43,Hanover,2.4,"91,028",Virginia
975,112,Harrisonburg City,3.2,"42,640",Virginia
907,44,Henrico,2.8,"68,581",Virginia
908,45,Henry,3.3,"36,471",Virginia
909,46,Highland,2.7,"45,089",Virginia
976,113,Hopewell City,4.3,"42,568",Virginia
910,47,Isle of Wight,2.8,"72,993",Virginia
911,48,James City,2.7,"86,541",Virginia
913,50,King George,2.6,"86,619",Virginia
914,51,King William,2.7,"68,724",Virginia
912,49,King and Queen,2.8,"51,124",Virginia
915,52,Lancaster,4.3,"52,814",Virginia
916,53,Lee,4.1,"34,796",Virginia
977,114,Lexington City,4.7,"48,726",Virginia
917,54,Loudoun,2.3,"140,382",Virginia
918,55,Louisa,2.7,"63,714",Virginia
919,56,Lunenburg,3.2,"41,421",Virginia
978,115,Lynchburg City,3.7,"43,200",Virginia
920,57,Madison,2.2,"60,450",Virginia
979,116,Manassas City,2.5,"79,141",Virginia
980,117,Manassas Park City,2.5,"77,032",Virginia
981,118,Martinsville City,4.1,"33,892",Virginia
921,58,Mathews,2.9,"61,764",Virginia
922,59,Mecklenburg,4.0,"44,832",Virginia
923,60,Middlesex,2.6,"54,871",Virginia
924,61,Montgomery,2.8,"52,538",Virginia
925,62,Nelson,2.8,"56,690",Virginia
926,63,New Kent,2.4,"90,858",Virginia
982,119,Newport News City,3.5,"50,283",Virginia
983,120,Norfolk City,3.5,"48,519",Virginia
927,64,Northampton,4.4,"43,157",Virginia
928,65,Northumberland,4.3,"55,418",Virginia
984,121,Norton City,3.7,"34,442",Virginia
929,66,Nottoway,2.8,"46,368",Virginia
930,67,Orange,3.0,"63,681",Virginia
931,68,Page,3.8,"49,073",Virginia
932,69,Patrick,3.5,"42,862",Virginia
985,122,Petersburg City,5.6,"37,049",Virginia
933,70,Pittsylvania,3.4,"44,710",Virginia
986,123,Poquoson City,2.4,"96,057",Virginia
987,124,Portsmouth City,3.9,"47,343",Virginia
934,71,Powhatan,2.5,"88,475",Virginia
935,72,Prince Edward,3.8,"48,450",Virginia
936,73,Prince George,3.4,"68,133",Virginia
937,74,Prince William,2.5,"106,200",Virginia
938,75,Pulaski,3.4,"50,834",Virginia
988,125,Radford City,3.6,"39,254",Virginia
939,76,Rappahannock,2.5,"71,035",Virginia
940,77,Richmond,3.0,"49,399",Virginia
989,126,Richmond City,3.3,"48,747",Virginia
941,78,Roanoke,2.5,"68,734",Virginia
990,127,Roanoke City,3.0,"42,715",Virginia
942,79,Rockbridge,2.7,"53,413",Virginia
943,80,Rockingham,2.4,"61,375",Virginia
944,81,Russell,4.2,"38,966",Virginia
991,128,Salem City,2.8,"57,274",Virginia
945,82,Scott,3.1,"40,161",Virginia
946,83,Shenandoah,2.5,"55,283",Virginia
947,84,Smyth,3.7,"40,972",Virginia
948,85,Southampton,2.7,"52,741",Virginia
949,86,Spotsylvania,2.9,"86,695",Virginia
950,87,Stafford,2.8,"108,421",Virginia
992,129,Staunton City,2.7,"47,319",Virginia
993,130,Suffolk City,3.0,"69,753",Virginia
951,88,Surry,3.4,"54,663",Virginia
952,89,Sussex,4.5,"43,031",Virginia
953,90,Tazewell,4.4,"42,074",Virginia
994,131,Virginia Beach City,2.7,"76,520",Virginia
954,91,Warren,2.8,"65,635",Virginia
955,92,Washington,3.3,"45,510",Virginia
995,132,Waynesboro City,2.9,"47,117",Virginia
956,93,Westmoreland,3.5,"51,414",Virginia
996,133,Williamsburg City,3.9,"52,845",Virginia
997,134,Winchester City,2.8,"51,456",Virginia
957,94,Wise,4.6,"38,045",Virginia
958,95,Wythe,3.6,"46,345",Virginia
959,96,York,2.7,"86,317",Virginia
